,SKU,Wayfair SKU,Problem_Number,total_qty
0,ADAPTER-24V2A,ADAPTER-24V2A,1,6
1,ADAPTER-24V2A,ADAPTER-24V2A,14,7
2,ADAPTER-24V2A,ADAPTER-24V2A,2,1
3,ADAPTER-24V2A,ADAPTER-24V2A,4,2
4,ADAPTER-24V2A,ADAPTER-24V2A,5,1
5,ADAPTER-24V2A,ADAPTER-24V2A,6,39
6,ADAPTER-24V2A,ADAPTER-24V2A,7,2
7,ADAPTER-24V2A,ADAPTER-24V2A,8,129
8,ADAPTER-24V2A,ADAPTER-24V2A,9,1
9,ADAPTER-24V3A,ADAPTER-24V3A,10,7
10,ADAPTER-24V3A,ADAPTER-24V3A,14,1
11,ADAPTER-24V3A,ADAPTER-24V3A,5,1
12,ADAPTER-24V3A,ADAPTER-24V3A,6,5
13,ADAPTER-24V3A,ADAPTER-24V3A,7,1
14,ADAPTER-24V3A,ADAPTER-24V3A,8,27
15,ADC-REMOTE 1,ADC-REMOTE 1,14,1
16,ADC-REMOTE GEN 1,ADC-REMOTE GEN 1,14,7
17,ADPTER-24V3A,ADPTER-24V3A,10,1
18,Adapter-24V2A,Adapter-24V2A,8,1
19,BL-11 (GLASS SHADE),BL-11 (GLASS SHADE),8,1
20,BL-21,BL-21,8,1
21,C483Q-N10-BG-1-FM(MOTOR ONLY),C483Q-N10-BG-1-FM(MOTOR ONLY),3,1
22,C483Q-N10-W1-1-FM(MOTOR ONLY),C483Q-N10-W1-1-FM(MOTOR ONLY),3,1
23,C525D-51-BG-1,C525D-51-BG-1,4,1
24,C525D-L17-B4-1 (MOTOR ONLY),C525D-L17-B4-1 (MOTOR ONLY),3,1
25,C525D-L27-B5-1(MOTOR ONLY),C525D-L27-B5-1(MOTOR ONLY),6,3
26,C525D-L31-BF-1 (LIGHT KIT ONLY),C525D-L31-BF-1 (LIGHT KIT ONLY),8,1
27,C525D-L31-BF-1 (MOTOR ONLY),C525D-L31-BF-1 (MOTOR ONLY),3,2
28,C525D-L51-BG-1,C525D-L51-BG-1,6,1
29,C525D1-L61-BG-1,C525D1-L61-BG-1,4,2
30,C525D1-L61-BG-1,C525D1-L61-BG-1,5,2
31,C525D1-L72-BG-1 (MOTOR ONLY),C525D1-L72-BG-1 (MOTOR ONLY),3,1
32,C525D1-L72-BG-1 (MOTOR ONLY),C525D1-L72-BG-1 (MOTOR ONLY),8,1
33,C525D1-L72-BG-1(MOTOR ONLY),C525D1-L72-BG-1(MOTOR ONLY),3,1
34,CANOPY ONLY,CANOPY ONLY,9,2
35,CANOPY ONLY (WHITE),CANOPY ONLY (WHITE),10,1
36,CANOPY ONLY (WHITE),CANOPY ONLY (WHITE),8,1
37,CANOPY ONLY WHITE,CANOPY ONLY WHITE,8,2
38,CFLEDKIT ONLY (OLD),CFLEDKIT ONLY (OLD),8,1
39,CFP483Q5-L11-BG-1-FM (PULL CHAIN LIGHT KIT PAN),CFP483Q5-L11-BG-1-FM (PULL CHAIN LIGHT KIT PAN),8,1
40,CFP483Q5-L11-BG-1-FMA (MOTOR ONLY),CFP483Q5-L11-BG-1-FMA (MOTOR ONLY),3,1
41,CFP483Q5-L11-BG-FM (MOTOR ONLY),CFP483Q5-L11-BG-FM (MOTOR ONLY),3,1
42,CFP523N-L11-B2-1-FM (LAMPSHADE ONLY),CFP523N-L11-B2-1-FM (LAMPSHADE ONLY),8,1
43,CFP523Q5-L11-B5-1A (SCREWS ONLY),CFP523Q5-L11-B5-1A (SCREWS ONLY),10,1
44,CFP525Q5-L11-B5-1-FMA (MOTOR ONLY),CFP525Q5-L11-B5-1-FMA (MOTOR ONLY),3,1
45,CFP525Q5-L11-BG-1-FM (LIGHT KIT SCREWS ONLY),CFP525Q5-L11-BG-1-FM (LIGHT KIT SCREWS ONLY),10,6
46,CFP525Q5-L11-BG-1-FMA (MOTOR ONLY),CFP525Q5-L11-BG-1-FMA (MOTOR ONLY),3,1
47,CFR-L11,CFR-L11,4,1
48,CFR443J3-L11-BS-1-FM,CFR443J3-L11-BS-1-FM,5,1
49,CFR443J3-L11-BS-1-FM (LAMPSHADE ONLY),CFR443J3-L11-BS-1-FM (LAMPSHADE ONLY),8,1
50,CFR485B-L21-W1-1-FM (SCREWS ONLY),CFR485B-L21-W1-1-FM (SCREWS ONLY),10,1
51,CFR485B-L21-W1-1FM (LAMPSHADE ONLY),CFR485B-L21-W1-1FM (LAMPSHADE ONLY),8,1
52,CFR485Q5-L11-W1-1-FMA,CFR485Q5-L11-W1-1-FMA,17,1
53,CFR485Q5-L11-W1-1FMA (LED BOARD ONLY),CFR485Q5-L11-W1-1FMA (LED BOARD ONLY),8,1
54,CFR485Q5-L11-W1-FMA (MOTOR ONLY),CFR485Q5-L11-W1-FMA (MOTOR ONLY),3,1
55,CFR523A2-L11-SM2-1FM,CFR523A2-L11-SM2-1FM,4,1
56,CFR523A2-L11-SM2-1FM,CFR523A2-L11-SM2-1FM,5,1
57,CFR523P-N10-G2-1-FM,CFR523P-N10-G2-1-FM,4,1
58,CFR523P-N10-G2-1-FM,CFR523P-N10-G2-1-FM,5,1
59,CFR523P-N10-G2-1-FM (MOTOR ONLY),CFR523P-N10-G2-1-FM (MOTOR ONLY),3,1
60,CFR523P-N10-G2-1-FM (SCREWS ONLY),CFR523P-N10-G2-1-FM (SCREWS ONLY),10,1
61,CFR525J1-L11-BG-1-FM,CFR525J1-L11-BG-1-FM,17,1
62,CFR525J1-L11-W1-1-FM (LAMPSHADE ONLY),CFR525J1-L11-W1-1-FM (LAMPSHADE ONLY),8,1
63,CFR525J1-L11-W1-1-FM (SCREWS ONLY),CFR525J1-L11-W1-1-FM (SCREWS ONLY),10,1
64,CFR525J1-L11-WP-1-FM (MOTOR ONLY),CFR525J1-L11-WP-1-FM (MOTOR ONLY),3,1
65,CFR525J1-L11-WP1-FM,CFR525J1-L11-WP1-FM,6,1
66,CFR525J1-LN10-B5-FM,CFR525J1-LN10-B5-FM,9,2
67,CFR525J1-N10-B5-FM (FAN BLADE BRAKETS ONLY),CFR525J1-N10-B5-FM (FAN BLADE BRAKETS ONLY),9,2
68,CFR525J1-N10-B5-FM (FAN BLADES ONLY),CFR525J1-N10-B5-FM (FAN BLADES ONLY),9,1
69,CFR525J1-N10-BG-FM (MOTOR ONLY),CFR525J1-N10-BG-FM (MOTOR ONLY),3,1
70,CFR565E-L11-B5-1 (LED BOARD ONLY),CFR565E-L11-B5-1 (LED BOARD ONLY),8,1
71,CFR605J1-L11-BG-1 (MOTOR ONLY),CFR605J1-L11-BG-1 (MOTOR ONLY),3,1
72,CFR605J1-L11-W1-(LED BOARD ONLY),CFR605J1-L11-W1-(LED BOARD ONLY),8,1
73,CFR605J1-L11-WP-1,CFR605J1-L11-WP-1,5,1
74,CFR605J1-N10-BG-1 (MOTOR ONLY),CFR605J1-N10-BG-1 (MOTOR ONLY),3,1
75,CFR605J1-N10-W1-1,CFR605J1-N10-W1-1,17,1
76,DC483A-L12-W1-1G (LED BOARD ONLY),DC483A-L12-W1-1G (LED BOARD ONLY),8,1
77,DC526C-L12-B2-1G (LAMPSHADE ONLY),DC526C-L12-B2-1G (LAMPSHADE ONLY),8,2
78,DC565D1-L16-BG-1 (REMOTE-RECIEVER ONLY),DC565D1-L16-BG-1 (REMOTE-RECIEVER ONLY),17,1
79,DISHWASHER INLET ONLY,DISHWASHER INLET ONLY,10,2
80,DISHWASHER INLET ONLY,DISHWASHER INLET ONLY,8,1
81,DOWN ROD GUIDE ONLY (WHITE),DOWN ROD GUIDE ONLY (WHITE),10,1
82,DOWNROD COVER ONLY,DOWNROD COVER ONLY,10,1
83,DOWNROD COVER ONLY BLACK,DOWNROD COVER ONLY BLACK,10,1
84,"DR045B (4.5"" Black Downrod)","DR045B (4.5"" Black Downrod)",10,1
85,DR06B,DR06B,10,3
86,DR18W,DR18W,17,3
87,DR36B,DR36B,17,3
88,DR46B,DR46B,17,1
89,DR62W,DR62W,8,2
90,DR62W,DR62W,9,2
91,DR6B,DR6B,3,1
92,EL-11,EL-11,8,1
93,FAN BLADE BALANCING KIT ONLY,FAN BLADE BALANCING KIT ONLY,10,2
94,FAN BLADE GROMMETS ONLY WHITE,FAN BLADE GROMMETS ONLY WHITE,10,5
95,FAN BLADE GROMMETS ONLY WHITE,FAN BLADE GROMMETS ONLY WHITE,8,5
96,FAN BLADE GROMMETS-HL ONLY WHITE,FAN BLADE GROMMETS-HL ONLY WHITE,10,5
97,GARBAGE DISPOSAL INLET,GARBAGE DISPOSAL INLET,8,1
98,HDC483A-L12-W1-1G (LED BOARD ONLY),HDC483A-L12-W1-1G (LED BOARD ONLY),8,1
99,JL-11,JL-11,8,2
100,MAGNETS ONLY,MAGNETS ONLY,10,22
101,MAGNETS ONLY,MAGNETS ONLY,8,13
102,MANUAL ONLY-QL SERIES,MANUAL ONLY-QL SERIES,10,1
103,MOUNTING BALL & DOWNROD ONLY,MOUNTING BALL & DOWNROD ONLY,10,1
104,MOUNTING BALL & PIN,MOUNTING BALL & PIN,10,3
105,MOUNTING BALL & PINS ONLY,"MOUNTING BALLS, PINS & B3L SCREWS ONLY",10,3
106,MOUNTING BALL ONLY,MOUNTING BALL ONLY,10,4
107,MOUNTING BALL ONLY,MOUNTING BALL ONLY,17,1
108,MOUNTING BALL ONLY (BLACK),MOUNTING BALL ONLY (BLACK),10,2
109,MOUNTING BALL ONLY BLACK,MOUNTING BALL ONLY BLACK,10,1
110,MOUNTING BALL ONLY SILVER,MOUNTING BALL ONLY SILVER,10,1
111,MOUNTING BALL ONLY WHITE,MOUNTING BALL ONLY WHITE,10,3
112,MOUNTING BALL V1 (BLACK),MOUNTING BALL V1 (BLACK),10,1
113,MOUNTING BALL WHITE & PINS ONLY,MOUNTING BALL & PINS ONLY,17,2
114,MOUNTING BRACKET & CANOPY ONLY WHITE,MOUNTING BRACKET & CANOPY ONLY WHITE,10,1
115,MOUNTING BRACKET AND MAGNET ONLY,MOUNTING BRACKET AND MAGNET ONLY,10,1
116,MOUNTING BRACKET ONLY,MOUNTING BRACKET ONLY,10,1
117,PCB-363V2L,PCB-363V2L,1,3
118,PCB-363V2L,PCB-363V2L,2,3
119,PCB-363V2L,PCB-363V2L,4,1
120,PCB-363V2L,PCB-363V2L,5,1
121,PCB-443J3L,PCB-443J3L,1,5
122,PCB-443J3L,PCB-443J3L,2,3
123,PCB-443N2L,PCB-443N2L,1,6
124,PCB-443N2L,PCB-443N2L,2,5
125,PCB-443N2L,PCB-443N2L,4,4
126,PCB-443N2L,PCB-443N2L,5,3
127,PCB-443N5L,PCB-443N5L,1,1
128,PCB-443N5L,PCB-443N5L,2,1
129,PCB-453V1L,PCB-453V1L,1,2
130,PCB-453V1L,PCB-453V1L,2,1
131,PCB-453V1L-FM,PCB-453V1L-FM,1,1
132,PCB-453V1L-FM,PCB-453V1L-FM,2,1
133,PCB-453V2L,PCB-453V2L,1,2
134,PCB-453V2L,PCB-453V2L,2,1
135,PCB-453VL,PCB-453VL,1,7
136,PCB-453VL,PCB-453VL,2,6
137,PCB-483J3L,PCB-483J3L,1,8
138,PCB-483J3L,PCB-483J3L,2,6
139,PCB-483N3L,PCB-483N3L,1,3
140,PCB-483N3L,PCB-483N3L,10,3
141,PCB-483N3L,PCB-483N3L,2,3
142,PCB-483Q5L,PCB-483Q5L,1,3
143,PCB-483Q5L,PCB-483Q5L,2,3
144,PCB-483QL,PCB-483Q,8,1
145,PCB-483QL,PCB-483QL,1,3
146,PCB-483QL,PCB-483QL,2,2
147,PCB-485J1L,PCB-485J1L,1,2
148,PCB-485J1L,PCB-485J1L,2,2
149,PCB-485J1L,PCB-485J1L,4,5
150,PCB-485J1L,PCB-485J1L,5,5
151,PCB-485Q5L,PCB-485Q5L,1,5
152,PCB-485Q5L,PCB-485Q5L,2,4
153,PCB-50BCL,PCB-50BCL,1,1
154,PCB-50BCL,PCB-50BCL,2,1
155,PCB-523A4L,PCB-523A4L,1,1
156,PCB-523A4L,PCB-523A4L,2,1
157,PCB-523B3L,PCB-523B3L,1,3
158,PCB-523B3L,PCB-523B3L,2,3
159,PCB-523BL,PCB-523BL,1,2
160,PCB-523BL,PCB-523BL,2,2
161,PCB-523F3L,PCB-523F3L,1,2
162,PCB-523F3L,PCB-523F3L,2,2
163,PCB-523FL,PCB-523FL,1,6
164,PCB-523FL,PCB-523FL,2,6
165,PCB-523FL,PCB-523FL,4,1
166,PCB-523FL,PCB-523FL,5,1
167,PCB-523J3L,PCB-523J3L,1,3
168,PCB-523J3L,PCB-523J3L,2,3
169,PCB-523JL,PCB-523JL,1,1
170,PCB-523JL,PCB-523JL,2,1
171,PCB-523KL,PCB-523KL,1,3
172,PCB-523KL,PCB-523KL,2,3
173,PCB-523KL,PCB-523KL,4,2
174,PCB-523KL,PCB-523KL,5,2
175,PCB-523N1L,PCB-523N1L,1,1
176,PCB-523N1L,PCB-523N1L,2,1
177,PCB-523N5L,PCB-523N5L,1,1
178,PCB-523N5L,PCB-523N5L,2,1
179,PCB-523NL,PCB-523NL,1,1
180,PCB-523NL,PCB-523NL,2,1
181,PCB-523NL,PCB-523NL,4,1
182,PCB-523NL,PCB-523NL,5,1
183,PCB-523NL,PCB-523NL,6,1
184,PCB-523P1L,PCB-523P1L,1,1
185,PCB-523P1L,PCB-523P1L,2,1
186,PCB-523P2L,PCB-523P2L,1,1
187,PCB-523P2L,PCB-523P2L,2,1
188,PCB-523PL,PCB-523PL,1,10
189,PCB-523PL,PCB-523PL,2,9
190,PCB-523QL,PCB-523QL,1,3
191,PCB-523QL,PCB-523QL,2,2
192,PCB-523QL,PCB-523QL,4,2
193,PCB-523QL,PCB-523QL,5,2
194,PCB-523QL,PCB-523QL,6,1
195,PCB-523QL-FM,PCB-523QL-FM,7,1
196,PCB-525B5L,PCB-525B5L,1,1
197,PCB-525B5L,PCB-525B5L,2,1
198,PCB-525BL,PCB-525BL,1,16
199,PCB-525BL,PCB-525BL,2,12
200,PCB-525BL,PCB-525BL,4,1
201,PCB-525BL,PCB-525BL,5,1
202,PCB-525BL,PCB-525BL,6,1
203,PCB-525E5L,PCB-525E5L,1,1
204,PCB-525E5L,PCB-525E5L,2,1
205,PCB-525EL,PCB-525EL,1,17
206,PCB-525EL,PCB-525EL,2,16
207,PCB-525EL,PCB-525EL,4,3
208,PCB-525EL,PCB-525EL,5,3
209,PCB-525HL,PCB-525HL,1,7
210,PCB-525HL,PCB-525HL,2,5
211,PCB-525J1L,PCB-525J1L,1,17
212,PCB-525J1L,PCB-525J1L,2,16
213,PCB-525J1L,PCB-525J1L,4,6
214,PCB-525J1L,PCB-525J1L,5,8
215,PCB-525J3L,PCB-525J3L,1,1
216,PCB-525J3L,PCB-525J3L,2,1
217,PCB-525JL,PCB-525JL,1,33
218,PCB-525JL,PCB-525JL,2,30
219,PCB-525JL,PCB-525JL,4,4
220,PCB-525JL,PCB-525JL,5,4
221,PCB-525JL,PCB-525JL,6,2
222,PCB-525JL-FM,PCB-525JL-FM,2,1
223,PCB-525Q2L,PCB-525Q2L,1,1
224,PCB-525Q2L,PCB-525Q2L,2,1
225,PCB-525Q2L,PCB-525Q2L,4,1
226,PCB-525Q2L,PCB-525Q2L,5,1
227,PCB-525WL,PCB-525WL,1,1
228,PCB-525WL,PCB-525WL,2,1
229,PCB-563B3L,PCB-563B3L,1,1
230,PCB-563B3L,PCB-563B3L,2,1
231,PCB-563BL,PCB-563BL,1,3
232,PCB-563BL,PCB-563BL,2,4
233,PCB-563BL,PCB-563BL,4,1
234,PCB-563BL,PCB-563BL,5,1
235,PCB-563FL,PCB-563FL,1,3
236,PCB-563FL,PCB-563FL,2,3
237,PCB-563FL,PCB-563FL,4,3
238,PCB-563FL,PCB-563FL,5,3
239,PCB-563FL,PCB-563FL,6,2
240,PCB-565EL,PCB-565EL,1,4
241,PCB-565EL,PCB-565EL,2,3
242,PCB-565EL,PCB-565EL,4,1
243,PCB-565EL,PCB-565EL,5,1
244,PCB-565HL,PCB-565HL,1,1
245,PCB-565HL,PCB-565HL,2,1
246,PCB-565JL,PCB-565JL,1,1
247,PCB-565JL,PCB-565JL,14,1
248,PCB-603FL,PCB-603FL,1,14
249,PCB-603FL,PCB-603FL,2,13
250,PCB-603FL,PCB-603FL,4,3
251,PCB-603FL,PCB-603FL,5,3
252,PCB-605J1L,PCB-605J1L,1,4
253,PCB-605J1L,PCB-605J1L,2,4
254,PCB-605JL,PCB-605JL,1,5
255,PCB-605JL,PCB-605JL,2,5
256,PCB-AD443QN,PCB-AD443QN,1,1
257,PCB-AD443QN,PCB-AD443QN,2,1
258,PCB-ADC483QN,PCB-ADC483QN,1,2
259,PCB-ADC483QN,PCB-ADC483QN,2,2
260,PCB-ADC483QN,PCB-ADC483QN,6,1
261,PCB-ADC523D1L,PCB-ADC523D1L,1,1
262,PCB-ADC523D1L,PCB-ADC523D1L,2,1
263,PCB-ADC523PN,PCB-ADC523PN,1,3
264,PCB-ADC523PN,PCB-ADC523PN,2,3
265,PCB-ADC523QN,PCB-ADC523QN,1,1
266,PCB-ADC523QN,PCB-ADC523QN,2,1
267,PCB-ADC603QN,PCB-ADC603QN,1,1
268,PCB-ADC603QN,PCB-ADC603QN,2,1
269,PCB-CFP,PCB-CFP,1,2
270,PCB-CFP,PCB-CFP,2,2
271,PCB-CFP523Q5L,PCB-CFP523Q5L,8,1
272,PCB-CFP525Q5L,PCB-CFP525Q5L,1,2
273,PCB-CFP525Q5L,PCB-CFP525Q5L,2,2
274,PCB-CFR-L11,PCB-CFR-L11,6,1
275,PCB-CFR443J3L,PCB-CFR443J3L,1,1
276,PCB-CFR443J3L,PCB-CFR443J3L,2,1
277,PCB-CFR443J3L,PCB-CFR443J3L,4,1
278,PCB-CFR443J3L,PCB-CFR443J3L,5,1
279,PCB-CFR443N2L,PCB-CFR443N2L,14,1
280,PCB-CFR443QN,PCB-CFR443QN,4,1
281,PCB-CFR523PN,PCB-CFR523PN,1,2
282,PCB-CFR523PN,PCB-CFR523PN,2,1
283,PCB-CFR525J1LN,PCB-CFR525J1LN,4,1
284,PCB-CFR525J1LN,PCB-CFR525J1LN,5,1
285,PCB-CFR525J1N,PCB-CFR525J1N,1,1
286,PCB-CFR525Q5L,PCB-CFR525Q5L,1,1
287,PCB-CFR525Q5L,PCB-CFR525Q5L,2,1
288,PCB-CFR605J1L,PCB-CFR605J1L,1,1
289,PCB-CFR605J1L,PCB-CFR605J1L,2,1
290,PCB-L12,PCB-L12,1,17
291,PCB-L12,PCB-L12,11,2
292,PCB-L12,PCB-L12,17,1
293,PCB-L12,PCB-L12,2,1
294,PCB-L12,PCB-L12,4,1
295,PCB-L12,PCB-L12,5,3
296,PCB-L12,PCB-L12,6,4
297,PCB-L12,PCB-L12,7,4
298,PCB-YDC363V2L,PCB-YDC363V2L,1,1
299,PCB-YDC363V2L,PCB-YDC363V2L,2,1
300,PCB-YDC363V2L,PCB-YDC363V2L,4,1
301,PCB-YDC363V2L,PCB-YDC363V2L,5,1
302,PCB-YDC443N2L,PCB-YDC443N2L,1,1
303,PCB-YDC443N2L,PCB-YDC443N2L,2,1
304,PCB-YDC443N2L,PCB-YDC443N2L,6,1
305,PCB-YDC443QL,PCB-YDC443QL,1,1
306,PCB-YDC443QL,PCB-YDC443QL,2,1
307,PCB-YDC443QL,PCB-YDC443QL,4,1
308,PCB-YDC453V2L,PCB-YDC453V2L,1,1
309,PCB-YDC453V2L,PCB-YDC453V2L,2,1
310,PCB-YDC523J1L,PCB-YDC523J1L,1,1
311,PCB-YDC523J1L,PCB-YDC523J1L,2,1
312,PCB-YDC603QL,PCB-YDC603QL,1,6
313,PCB-YDC603QL,PCB-YDC603QL,2,6
314,PCB-YDC603QL,PCB-YDC603QL,4,6
315,PCB-YDC603QL,PCB-YDC603QL,5,6
316,PCB-YDC605JL,PCB-YDC605JL,1,1
317,PCB-YDC605JL,PCB-YDC605JL,2,1
318,PCB-YDC605JL,PCB-YDC605JL,4,2
319,PCB-YDC605JL,PCB-YDC605JL,5,2
320,PH-805-24  (MOTOR & ATOMIZER ONLY BLUE),PH-805-24  (MOTOR & ATOMIZER ONLY BLUE),8,1
321,PH-805-24 (BLUE MISTING TUBE ONLY),PH-805-24 (BLUE MISTING TUBE ONLY),8,1
322,PH-805-24 (MOTOR & ATOMIZER BLUE ONLY),PH-805-24 (MOTOR & ATOMIZER BLUE ONLY),6,1
323,PH-805-24 (MOTOR & ATOMIZER BLUE ONLY),PH-805-24 (MOTOR & ATOMIZER BLUE ONLY),8,9
324,PH-805-24 (MOTOR & ATOMIZER BLUE),PH-805-24 (MOTOR & ATOMIZER BLUE),10,1
325,PH-805-24 (MOTOR & ATOMIZER BLUE),PH-805-24 (MOTOR & ATOMIZER BLUE),8,4
326,PH-805-24 (MOTOR & ATOMIZER ONLY  WHITE),PH-805-24 (MOTOR & ATOMIZER ONLY  WHITE),8,1
327,PH-805-24 (MOTOR & ATOMIZER ONLY BLUE ),PH-805-24 (MOTOR & ATOMIZER ONLY BLUE ),8,1
328,PH-805-24 (MOTOR & ATOMIZER ONLY BLUE),PH-805-24 (MOTOR & ATOMIZER ONLY BLUE),6,2
329,PH-805-24 (MOTOR & ATOMIZER ONLY BLUE),PH-805-24 (MOTOR & ATOMIZER ONLY BLUE),8,13
330,PH-805-24 (MOTOR & ATOMIZER ONLY WHITE),PH-805-24 (MOTOR & ATOMIZER ONLY WHITE),3,1
331,PH-805-24 (MOTOR & ATOMIZER ONLY WHITE),PH-805-24 (MOTOR & ATOMIZER ONLY WHITE),8,8
332,PH-805-24 (MOTOR & ATOMIZER ONLY) BLUE,PH-805-24 (MOTOR & ATOMIZER ONLY) BLUE,3,1
333,PH-805-24 (MOTOR & ATOMIZER ONLY) BLUE,PH-805-24 (MOTOR & ATOMIZER ONLY) BLUE,6,1
334,PH-805-24 (MOTOR & ATOMIZER ONLY) BLUE,PH-805-24 (MOTOR & ATOMIZER ONLY) BLUE,8,9
335,PH-805-24 (MOTOR & ATOMIZER ONLY) WHITE,PH-805-24 (MOTOR & ATOMIZER ONLY) WHITE,8,15
336,PH-805-24 (MOTOR & ATOMIZER ONLY)BLUE,PH-805-24 (MOTOR & ATOMIZER ONLY)BLUE,8,1
337,PH-805-24 (MOTOR & ATOMIZER WHITE ONLY),PH-805-24 (MOTOR & ATOMIZER WHITE ONLY),6,1
338,PH-805-24 (MOTOR & ATOMIZER WHITE ONLY),PH-805-24 (MOTOR & ATOMIZER WHITE ONLY),8,7
339,PH-805-24 (MOTOR & ATOMIZER WHITE),PH-805-24 (MOTOR & ATOMIZER WHITE),6,1
340,PH-805-24 (MOTOR & ATOMIZER WHITE),PH-805-24 (MOTOR & ATOMIZER WHITE),8,1
341,PH-805-24 (MOTOR & ATOMIZER),PH-805-24 (MOTOR & ATOMIZER),8,5
342,PH-805-24 (MOTOR & ATOMIZER) BLUE,PH-805-24 (MOTOR & ATOMIZER) BLUE,8,2
343,PH-805-24 (MOTOR & ATOMIZER) WHITE,PH-805-24 (MOTOR & ATOMIZER) WHITE,8,1
344,PH-805-24 (MOTOR & ATOMIZER) WHITE,PH-805-24 (MOTOR & ATOMIZER)WHITE,8,1
345,PH-805-24 (MOTOR WHITE ONLY),PH-805-24 (MOTOR WHITE ONLY),11,1
346,PH-805-24 (WHITE) (ATOMIZER ONLY),PH-805-24 (WHITE) (ATOMIZER ONLY),6,1
347,PH-805-24 (WHITE) (MOTOR ONLY),PH-805-24 (WHITE) (MOTOR ONLY),6,1
348,PH-805-24 BLUE (ATOMIZER),PH-805-24 BLUE (ATOMIZER),6,1
349,PH-805-24 BLUE (MOTOR),PH-805-24 BLUE (MOTOR),6,1
350,PH-805-24(MOTOR & ATOMIZER ONLY WHITE),PH-805-24(MOTOR & ATOMIZER ONLY WHITE),8,4
351,PH-805-24(MOTOR & ATOMIZER ONLY) BLUE,PH-805-24(MOTOR & ATOMIZER ONLY) BLUE,8,1
352,PH-805-24(MOTOR & ATOMIZER ONLY) WHITE,PH-805-24(MOTOR & ATOMIZER ONLY) WHITE,6,2
353,PH-805-24(MOTOR & ATOMIZER WHITE ONLY),PH-805-24(MOTOR & ATOMIZER WHITE ONLY),8,1
354,PH-805-24(MOTOR AND ATOMIZER)BLUE,PH-805-24(MOTOR AND ATOMIZER)BLUE,6,1
355,PH-805-24(MOTOR AND ATOMIZER)WHITE,PH-805-24(MOTOR AND ATOMIZER)WHITE,11,1
356,PH-805-24-B (ATOMIZER ONLY),PH-805-24-B (ATOMIZER ONLY),6,1
357,PH-805-24-B (ATOMIZER),PH-805-24-B (ATOMIZER),6,1
358,PH-805-24-B (MOTOR),PH-805-24-B (MOTOR),6,1
359,PH-805-24-BLUE (ATOMIZER&MOTOR),PH-805-24-BLUE (ATOMIZER&MOTOR),6,1
360,PH-805-24-BLUE (MOTOR & ATOMIZER),PH-805-24-BLUE (MOTOR & ATOMIZER),8,1
361,PH-805-24-BLUE(ATOMIZER&MOTOR ONLY),PH-805-24-BLUE(ATOMIZER&MOTOR ONLY),8,1
362,PH-805-24-Blue (ATOMIZER & MOTOR ONLY) BLUE,PH-805-24-Blue (ATOMIZER & MOTOR ONLY) BLUE,8,1
363,PH-805-24-Blue (Atomizer & Motor ONLY),PH-805-24-Blue (Atomizer & Motor ONLY),3,1
364,PH-805-24-Blue (Atomizer & Motor ONLY),PH-805-24-Blue (Atomizer & Motor ONLY),8,1
365,PH-805-24-Blue (Atomizer & Motor Only),PH-805-24-Blue (Atomizer & Motor Only),8,1
366,PH-805-24-Blue (Atomizer&Motor ONLY),PH-805-24-Blue (Atomizer&Motor ONLY),6,1
367,PH-805-24-Blue (Atomizer&Motor ONLY),PH-805-24-Blue (Atomizer&Motor ONLY),8,2
368,PH-805-24-WHITE(ATOMIZER&MOTOR ONLY),PH-805-24-WHITE(ATOMIZER&MOTOR ONLY),8,1
369,PH-805-24-White (Atomizer&Motor ONLY),PH-805-24-White (Atomizer&Motor ONLY),6,2
370,PH-805-24-White (MOTOR & ATOMIZER ONLY) WHITE,PH-805-24-White (MOTOR & ATOMIZER ONLY) WHITE,6,1
371,PH-805-24-White(Atomizer&Motor ONLY),PH-805-24-White(Atomizer&Motor ONLY),8,1
372,PL-11,PL-11,8,2
373,PN-04F01A,PN-04F01A,5,1
374,PN-04F01A-WG01,PN-04F01A-WG01,8,1
375,PN-04F01A-WH01,PN-04F01A-WH01,10,1
376,PN-04F01A-WH01,PN-04F01A-WH01,12,1
377,PN-04F01A-WH01,PN-04F01A-WH01,13,1
378,PN-04F01A-WH01,PN-04F01A-WH01,5,1
379,PN-04F01A-WH01,PN-04F01A-WH01,6,6
380,PN-04F01A-WH01,PN-04F01A-WH01,8,30
381,PN-04F01A-WH01,PN-04F01A-WH01,9,1
382,PN-04F02D-WH01,PN-04F02D-WH01,8,1
383,PULL CHAIN MEDALIONS ONLY,PULL CHAIN MEDALIONS ONLY,10,4
384,RECIEVER & REMOTE ONLY,RECIEVER & REMOTE ONLY,8,1
385,REMOTE 201,REMOTE 201,14,2
386,REMOTE 201,REMOTE 201,6,1
387,REMOTE COVER,REMOTE COVER,10,1
388,REMOTE-102,REMOTE-102,6,1
389,REMOTE-201,REMOTE-201,1,2
390,REMOTE-201,REMOTE-201,10,6
391,REMOTE-201,REMOTE-201,14,310
392,REMOTE-201,REMOTE-201,17,1
393,REMOTE-201,REMOTE-201,2,1
394,REMOTE-201,REMOTE-201,4,2
395,REMOTE-201,REMOTE-201,6,1
396,REMOTE-201,REMOTE-201,7,1
397,REMOTE-201,REMOTE-201,8,1
398,REMOTE-201,REMOTE-201,9,1
399,REMOTE-202,REMOTE-202,10,2
400,REMOTE-202,REMOTE-202,14,28
401,REMOTE-202,REMOTE-202,8,1
402,REMOTE-203,REMOTE-203,14,4
403,REMOTE-204,REMOTE-204,14,3
404,REMOTE-ADC GEN 1,REMOTE-ADC GEN 1,14,4
405,Remote-201,Remote-201,14,2
406,Remote-202,Remote-202,8,2
407,S433V1-L12-W1-1-FM (MOTOR ONLY),S433V1-L12-W1-1-FM (MOTOR ONLY),3,1
408,S443J3-L11-BS-1-FM (LAMPSHADE ONLY),S443J3-L11-BS-1-FM (LAMPSHADE ONLY),8,1
409,S443J3-L11-BS-1-FM (MOTOR ONLY),S443J3-L11-BS-1-FM (MOTOR ONLY),2,1
410,S443J3-L11-BS-1-FM (MOTOR ONLY),S443J3-L11-BS-1-FM (MOTOR ONLY),3,1
411,S443J3-L11-W1-1-FM (LAMPSHADE ONLY),S443J3-L11-W1-1-FM (LAMPSHADE ONLY),8,1
412,S443J3-L11-W1-1-FMA (LAMPSHADE ONLY),S443J3-L11-W1-1-FMA (LAMPSHADE ONLY),8,1
413,S443N2-L11-B2-1-FM,S443N2-L11-B2-1-FM,6,1
414,S443N2-L11-B2-1-FM (LED BOARD ONLY),S443N2-L11-B2-1-FM (LED BOARD ONLY),8,1
415,S443N2-L11-B2-1-FM (MOTOR ONLY),S443N2-L11-B2-1-FM (MOTOR ONLY),3,1
416,S443N2-L11-W1-1-FM (MOTOR ONLY),S443N2-L11-W1-1-FM (MOTOR ONLY),3,4
417,S443N2-L12-W1-1 (MOTOR & ADAPTER ONLY),S443N2-L12-W1-1 (MOTOR & ADAPTER ONLY),5,1
418,S443N2-L12-W1-1 (MOTOR ONLY),S443N2-L12-W1-1 (MOTOR ONLY),3,1
419,S443N5-L12-B2-1 (MOTOR ONLY),S443N5-L12-B2-1 (MOTOR ONLY),3,1
420,S443N5-L12-B2-1-FM,S443N5-L12-B2-1-FM,4,1
421,S443N5-L12-B2-1-FM,S443N5-L12-B2-1-FM,5,1
422,S443N5-L12-B2-1-FM (LAMPSHADE ONLY),S443N5-L12-B2-1-FM (LAMPSHADE ONLY),8,1
423,S443N5-L12-B2-1-FM (MOTOR ONLY),S443N5-L12-B2-1-FM (MOTOR ONLY),3,1
424,S443Q-L12-BG-1 (FAN BLADES ONLY),S443Q-L12-BG-1 (FAN BLADES ONLY),9,1
425,S443Q-L12-BO-1 (MOTOR ONLY),S443Q-L12-BO-1 (MOTOR ONLY),3,1
426,S443Q-L12-W1-1,S443Q-L12-W1-1,3,1
427,S443Q-L12-W1-1 (LED BOARD),S443Q-L12-W1-1 (LED BOARD),8,1
428,S443Q-L12-W1-1 (MOTOR ONLY),S443Q-L12-W1-1 (MOTOR ONLY),3,4
429,S443Q-L12-W1-1-FM (MOTOR ONLY),S443Q-L12-W1-1-FM (MOTOR ONLY),3,1
430,S443QL-L12-B5-1 (FAN BLADES ONLY),S443QL-L12-B5-1 (FAN BLADES ONLY),9,1
431,S453V-L12-W1-1 (FAN BLADES ONLY),S453V-L12-W1-1 (FAN BLADES ONLY),10,1
432,S453V-L12-W1-1 (SCREWS ONLY),S453V-L12-W1-1 (SCREWS ONLY),10,1
433,S453V1-L12-W1-1-FM (LED BOARD ONLY),S453V1-L12-W1-1-FM (LED BOARD ONLY),8,1
434,S453V1-L12-W1-1-FM (MOTOR ONLY),S453V1-L12-W1-1-FM (MOTOR ONLY),2,1
435,S453V1-L12-W1-1-FM (MOTOR ONLY),S453V1-L12-W1-1-FM (MOTOR ONLY),3,1
436,S453V1-L12-W1-1-FM (SCREWS ONLY),S453V1-L12-W1-1-FM (SCREWS ONLY),10,1
437,S453V2-L12-B2-1-FM (MOTOR ONLY),S453V2-L12-B2-1-FM (MOTOR ONLY),3,1
438,S483J3-L11-B2-1G (BRACKET),S483J3-L11-B2-1G (BRACKET),5,1
439,S483J3-L11-B2-1G (FAN BLADE BRACKETS ONLY),S483J3-L11-B2-1G (FAN BLADE BRACKETS ONLY),9,2
440,S483J3-L11-B2-1G (FAN BLADES ONLY),S483J3-L11-B2-1G (FAN BLADES ONLY),9,1
441,S483J3-L11-BS-1-FM (LED BOARD ONLY),S483J3-L11-BS-1-FM (LED BOARD ONLY),8,1
442,S483J3-L11-BS-11 (MOTOR ONLY),S483J3-L11-BS-11 (MOTOR ONLY),4,1
443,S483J3-L11-BS-11 (MOTOR ONLY),S483J3-L11-BS-11 (MOTOR ONLY),5,1
444,S483J3-L11-W1-1-FM (MOTOR ONLY),S483J3-L11-W1-1-FM (MOTOR ONLY),3,1
445,S483J3-L11-W1-1-FM(MOTOR ONLY),S483J3-L11-W1-1-FM(MOTOR ONLY),15,1
446,S483J3-L11-W1-1-FM(MOTOR ONLY),S483J3-L11-W1-1-FM(MOTOR ONLY),3,1
447,S483J3L-W1-1-FM(MOTOR ONLY),S483J3L-W1-1-FM(MOTOR ONLY),3,1
448,S483N3-L11-BM3-1 (BLADES ONLY),S483N3-L11-BM3-1 (BLADES ONLY),9,1 (SET)
449,S483N3-L11-BM3-1 (LED BOARD & MAGNETS ONLY),S483N3-L11-BM3-1 (LED BOARD & MAGNETS ONLY),10,1
450,S483N3-L11-BM3-1 (MOTOR ONLY),S483N3-L11-BM3-1 (MOTOR ONLY),3,6
451,S483N3-L11-BM3-1 (SCREWS ONLY),S483N3-L11-BM3-1 (SCREWS ONLY),10,1
452,S483N3-L11-BM3-1(MOTOR ONLY),S483N3-L11-BM3-1(MOTOR ONLY),3,2
453,S483P-L12-W1-1 (MOTOR & ADAPTER ONLY),S483P-L12-W1-1 (MOTOR & ADAPTER ONLY),1,1
454,S483P-L12-W1-1-FM (MOTOR ONLY),S483P-L12-W1-1-FM (MOTOR ONLY),3,3
455,S483Q-L12-BG-1,S483Q-L12-BG-1,2,1
456,S483Q-L12-BG-1 (MOTOR ONLY),S483Q-L12-BG-1 (MOTOR ONLY),3,7
457,S483Q-L12-BG-1 (MOTOR ONLY),S483Q-L12-BG-1 (MOTOR ONLY),8,1
458,S483Q-L12-BG-1-FM(MOTOR ONLY),S483Q-L12-BG-1-FM(MOTOR ONLY),3,1
459,S483Q-L12-S2-1 (LED BOARD ONLY),S483Q-L12-S2-1 (LED BOARD ONLY),10,1
460,S483Q-L12-S2-1 (LED BOARD ONLY),S483Q-L12-S2-1 (LED BOARD ONLY),8,1
461,S483Q-L12-W1-1 (MOTOR & ADAPTER ONLY),S483Q-L12-W1-1 (MOTOR & ADAPTER ONLY),1,1
462,S483Q-L12-W1-1 (MOTOR ONLY),S483Q-L12-W1-1 (MOTOR ONLY),3,6
463,S483Q5-L11-BG-1 (LED BOARD ONLY),S483Q5-L11-BG-1 (LED BOARD ONLY),8,1
464,S483Q5-L12-B2-1-FM (FAN BLADES ONLY),S483Q5-L12-B2-1-FM (FAN BLADES ONLY),9,1
465,S483Q5-L12-B2-1-FM (LAMPSHADE ONLY),S483Q5-L12-B2-1-FM (LAMPSHADE ONLY),8,1
466,S483Q5-L12-B2-1-FM (MOTOR ONLY),S483Q5-L12-B2-1-FM (MOTOR ONLY),3,2
467,S483Q5-L12-W1-1-FMA LED BOARD ONLY,S483Q5-L12-W1-1-FMA LED BOARD ONLY,1,1
468,S483Q6-L12-BG-1-FM (LED BOARD & MAGNETS ONLY),S483Q6-L12-BG-1-FM (LED BOARD & MAGNETS ONLY),8,1
469,S483Q6-L12-BG-1-FM (LED BOARD ONLY),S483Q6-L12-BG-1-FM (LED BOARD ONLY),8,1
470,S483Q6-L12-BG-1-FM (MOTOR ONLY),S483Q6-L12-BG-1-FM (MOTOR ONLY),3,1
471,S483Q6-L12-W1-1-FM (LED BOARD ONLY),S483Q6-L12-W1-1-FM (LED BOARD ONLY),8,1
472,S483Q6-L12-W1-1-FM (MOTOR ONLY),S483Q6-L12-W1-1-FM (MOTOR ONLY),3,1
473,S485B-L22-B2-1G-FM,S485B-L22-B2-1G-FM,4,1
474,S485B-L22-B2-1G-FM,S485B-L22-B2-1G-FM,5,1
475,S485B-L22-B2-1G-FM (LAMPSHADE ONLY),S485B-L22-B2-1G-FM (LAMPSHADE ONLY),8,1
476,S485B-L22-W1-1-FM (BUCKET SCREWS ONLY),S485B-L22-W1-1-FM (BUCKET SCREWS ONLY),10,12
477,S485B-L22-W1-1-FM (FAN BLADES ONLY),S485B-L22-W1-1-FM (FAN BLADES ONLY),9,2
478,S485B-L22-W1-1-FM (LAMPSHADE ONLY),S485B-L22-W1-1-FM (LAMPSHADE ONLY),8,2
479,S485B-L22-W1-1-FM (MOTOR ONLY),S485B-L22-W1-1-FM (MOTOR ONLY),3,2
480,S485B-L22-W1-1-FM (MOUNTING PLATE ONLY),S485B-L22-W1-1-FM (MOUNTING PLATE ONLY),10,2
481,S485B-L22-W1-1-FM (SCREWS ONLY),S485B-L22-W1-1-FM (SCREWS ONLY),10,1
482,S485J1-L11-BG-1 (FAN BLADES ONLY),S485J1-L11-BG-1 (FAN BLADES ONLY),9,1
483,S485J1-L11-BG-1-FM (MOTOR ONLY),S485J1-L11-BG-1-FM (MOTOR ONLY),3,2
484,S485J1-L11-BO-1-FM (MOTOR ONLY),S485J1-L11-BO-1-FM (MOTOR ONLY),3,1
485,S485J1-L11-W1-1G-FM (MOTOR ONLY),S485J1-L11-W1-1G-FM (MOTOR ONLY),3,1
486,S485J1-L12-W1-1 (LED BOARD & MAGNETS ONLY),S485J1-L12-W1-1 (LED BOARD & MAGNETS ONLY),10,1
487,S485Q-L12-B5-1-FM (MOTOR ONLY),S485Q-L12-B5-1-FM (MOTOR ONLY),3,1
488,S485Q-L12-BG-1-FM,S485Q-L12-BG-1-FM,17,1
489,S485Q-L12-BG-1-FM (MOTOR ONLY),S485Q-L12-BG-1-FM (MOTOR ONLY),3,1
490,S485Q-L12-W1-1-FMA (MOTOR ONLY),S485Q-L12-W1-1-FMA (MOTOR ONLY),2,1
491,S485Q5-L12-B2-1-FM (LAMPSHADE ONLY),S485Q5-L12-B2-1-FM (LAMPSHADE ONLY),8,1
492,S485Q5-L12-B2-1-FM(MOTOR ONLY),S485Q5-L12-B2-1-FM(MOTOR ONLY),3,2
493,S485Q5-L12-W1-1-FMA (FAN BLADES ONLY),S485Q5-L12-W1-1-FMA (FAN BLADES ONLY),9,1
494,S485Q5-L12-W1-1-FMA (LAMPSHADE ONLY),S485Q5-L12-W1-1-FMA (LAMPSHADE ONLY),8,2
495,S485Q5-L12-W1-1FMA (LAMPSHADE ONLY),S485Q5-L12-W1-1FMA (LAMPSHADE ONLY),8,1
496,S523A-L12-B5-1 (MOTOR ONLY),S523A-L12-B5-1 (MOTOR ONLY),3,2
497,S523A-L12-W1-1 (LED BOARD ONLY),S523A-L12-W1-1 (LED BOARD ONLY),8,1
498,S523A-N10-W1-1A (MOTOR ONLY),S523A-N10-W1-1A (MOTOR ONLY),3,1
499,S523A1-L12-B2-1-FM  (MOTOR ONLY),S523A1-L12-B2-1-FM  (MOTOR ONLY),3,1
500,S523A1-L22-B2-1-FM (MOTOR ONLY),S523A1-L22-B2-1-FM (MOTOR ONLY),3,1
501,S523A2-L12-BM2-1-FM,S523A2-L12-BM2-1-FM,4,2
502,S523A2-L12-BM2-1-FM,S523A2-L12-BM2-1-FM,5,2
503,S523A2-L12-BM2-1-FM (FAN BLADES ONLY),S523A2-L12-BM2-1-FM (FAN BLADES ONLY),8,1
504,S523A2-L12-BM2-1-FM (MOTOR ONLY),S523A2-L12-BM2-1-FM (MOTOR ONLY),3,6
505,S523A2-L12-SM2-1 (LAMPSHADE ONLY),S523A2-L12-SM2-1 (LAMPSHADE ONLY),8,1
506,S523A2-L12-SM2-1-FM,S523A2-L12-SM2-1-FM,3,1
507,S523A2-L12-SM2-1-FM,S523A2-L12-SM2-1-FM,4,1
508,S523A2-L12-SM2-1-FM,S523A2-L12-SM2-1-FM,5,1
509,S523A2-L12-SM2-1-FM (MOTOR ONLY),S523A2-L12-SM2-1-FM (MOTOR ONLY),3,5
510,S523A4-L12-B2-1-FMA (LED BOARD ONLY),S523A4-L12-B2-1-FMA (LED BOARD ONLY),1,1
511,S523B-L12-W1 (MOTOR&SCREWS ONLY),S523B-L12-W1 (MOTOR&SCREWS ONLY),8,1
512,S523B-L12-W1-1 (LED BOARD ONLY),S523B-L12-W1-1 (LED BOARD ONLY),8,1
513,S523B-L12-W6-1 (MOTOR ONLY),S523B-L12-W6-1 (MOTOR ONLY),5,1
514,S523B3-L22-B2-1G (LAMPSHADE ONLY),S523B3-L22-B2-1G (LAMPSHADE ONLY),8,1
515,S523B3-L22-W1-1 (LAMPSHADE ONLY),S523B3-L22-W1-1 (LAMPSHADE ONLY),8,2
516,S523E4-L12-SM2-1 (FAN BLADES ONLY),S523E4-L12-SM2-1 (FAN BLADES ONLY),9,1
517,S523E4-L12-SM2-1 (MOTOR ONLY),S523E4-L12-SM2-1 (MOTOR ONLY),3,1
518,S523F-L12-B2-1 (FAN BLADES ONLY),S523F-L12-B2-1 (FAN BLADES ONLY),17,1
519,S523F3-L12-SM2-1 (FAN BLADE ONLY),S523F3-L12-SM2-1 (FAN BLADE ONLY),9,1
520,S523F3-L12-SM2-1 (LAMPSHADE ONLY),S523F3-L12-SM2-1 (LAMPSHADE ONLY),8,2
521,S523F3-L12-SM2-1-FM (FAN BLADE ONLY),S523F3-L12-SM2-1-FM (FAN BLADE ONLY),9,1
522,S523F3-L12-SM2-1-FM (LED BOARD ONLY),S523F3-L12-SM2-1-FM (LED BOARD ONLY),10,1
523,S523F3-L12-SM2-1-FM (MOTOR ONLY),S523F3-L12-SM2-1-FM (MOTOR ONLY),3,1
524,S523F3-L12-WM1-1 (FAN BLADES ONLY),S523F3-L12-WM1-1 (FAN BLADES ONLY),9,1
525,S523F3-L12-WM1-1-FM (FAN BLADE ONLY),S523F3-L12-WM1-1-FM (FAN BLADE ONLY),8,1
526,S523F3-L12-WM1-1-FM (FAN BLADES ONLY),S523F3-L12-WM1-1-FM (FAN BLADES ONLY),8,1
527,S523F3-L12-WM1-1-FM (LAMPSHADE ONLY),S523F3-L12-WM1-1-FM (LAMPSHADE ONLY),8,1
528,S523F3-L12-WM1-1-FM (LED BOARD ONLY),S523F3-L12-WM1-1-FM (LED BOARD ONLY),8,1
529,S523F3-L12-WM1-1-FM (MOTOR ONLY),S523F3-L12-WM1-1-FM (MOTOR ONLY),1,1
530,S523F3-L12-WM1-1-FM (MOTOR ONLY),S523F3-L12-WM1-1-FM (MOTOR ONLY),2,1
531,S523F3-L12-WM1-1-FM (MOTOR ONLY),S523F3-L12-WM1-1-FM (MOTOR ONLY),3,2
532,S523F3-L12-WM1-1-FM (MOTOR ONLY),S523F3-L12-WM1-1-FM (MOTOR ONLY),8,1
533,S523F3-L12-WM1-FM (MOTOR ONLY),S523F3-L12-WM1-FM (MOTOR ONLY),9,1
534,S523J3-L11-B2-1G,S523J3-L11-B2-1G,6,2
535,S523J3-L11-BS-1 (LAMPSHADE ONLY),S523J3-L11-BS-1 (LAMPSHADE ONLY),8,1
536,S523J3-L11-BS-1 (LED BOARD ONLY),S523J3-L11-BS-1 (LED BOARD ONLY),8,1
537,S523J3-L11-W1-1 (MOTOR ONLY),S523J3-L11-W1-1 (MOTOR ONLY),3,1
538,S523J3-L11-W1-1-FMA (LAMPSHADE ONLY),S523J3-L11-W1-1-FMA (LAMPSHADE ONLY),8,2
539,S523K-L12-B2-1,S523K-L12-B2-1,17,1
540,S523K-L12-B2-1,S523K-L12-B2-1,5,1
541,S523K-L12-B2-1 (MOTOR ONLY),S523K-L12-B2-1 (MOTOR ONLY),3,1
542,S523K-L12-W1-1 (LED BOARD ONLY),S523K-L12-W1-1 (LED BOARD ONLY),8,1
543,S523K-L12-W1-1 (MOTOR ONLY),S523K-L12-W1-1 (MOTOR ONLY),3,1
544,S523N-L12-W1-1 (MOTOR ONLY),S523N-L12-W1-1 (MOTOR ONLY),4,1
545,S523N1-L11-W1-1-FM (LED BOARD ONLY),S523N1-L11-W1-1-FM (LED BOARD ONLY),8,1
546,S523N1-L11-W1-1-FM (MOTOR ONLY),S523N1-L11-W1-1-FM (MOTOR ONLY),3,1
547,S523N3-L11-SM2-1-FM (LED BOARD & MAGNETS ONLY),S523N3-L11-SM2-1-FM (LED BOARD & MAGNETS ONLY),8,1
548,S523N3-L11-SM2-1-FM (MOTOR ONLY),S523N3-L11-SM2-1-FM (MOTOR ONLY),3,1
549,S523N4-L11-B2-1-FM (MOTOR ONLY),S523N4-L11-B2-1-FM (MOTOR ONLY),3,1
550,S523N4-L11-W1-1-FM (FAN BLADES ONLY),S523N4-L11-W1-1-FM (FAN BLADES ONLY),17,3
551,S523P-L12-G2-1,S523P-L12-G2-1,4,2
552,S523P-L12-G2-1,S523P-L12-G2-1,5,2
553,S523P-L12-G2-1 (FAN  BLADES ONLY),S523P-L12-G2-1 (FAN  BLADES ONLY),9,1
554,S523P-L12-G2-1 (LAMPSHADE ONLY),S523P-L12-G2-1 (LAMPSHADE ONLY),8,3
555,S523P-L12-G2-1 (LED BOARD & MAGNETS ONLY),S523P-L12-G2-1 (LED BOARD & MAGNETS ONLY),10,1
556,S523P-L12-G2-1 (MOTOR ONLY),S523P-L12-G2-1 (MOTOR ONLY),3,5
557,S523P-L12-G2-1(MOTOR ONLY),S523P-L12-G2-1(MOTOR ONLY),3,2
558,S523P-L12-G2-1-FM,S523P-L12-G2-1-FM,4,2
559,S523P-L12-G2-1-FM,S523P-L12-G2-1-FM,5,2
560,S523P-L12-G2-1-FM (FAN BLADES ONLY),S523P-L12-G2-1-FM (FAN BLADES ONLY),8,1
561,S523P-L12-G2-1-FM (LED BOARD ONLY),S523P-L12-G2-1-FM (LED BOARD ONLY),8,1
562,S523P-L12-G2-1-FM (MOTOR ONLY),S523P-L12-G2-1-FM (MOTOR ONLY),3,4
563,S523P-L12-G2-1-FM(MOTOR ONLY),S523P-L12-G2-1-FM(MOTOR ONLY),3,2
564,S523P-L12-G2-1FM (MOTOR ONLY),S523P-L12-G2-1FM (MOTOR ONLY),3,1
565,S523P-L12-W1-1 (LAMPSHADE ONLY),S523P-L12-W1-1 (LAMPSHADE ONLY),8,2
566,S523P-L12-W1-1 (LED BOARD ONLY),S523P-L12-W1-1 (LED BOARD ONLY),8,2
567,S523P-L12-W1-1 (MOTOR ONLY),S523P-L12-W1-1 (MOTOR ONLY),3,1
568,S523P-L12-W1-1(MOTOR ONLY),S523P-L12-W1-1(MOTOR ONLY),3,1
569,S523P-L12-W1-1-FM (MOTOR ONLY),S523P-L12-W1-1-FM (MOTOR ONLY),3,1
570,S523P-L12-W1-1-FM(MOTOR ONLY),S523P-L12-W1-1-FM(MOTOR ONLY),3,1
571,S523P-L12-W1-FM (MOTOR ONLY),S523P-L12-W1-FM (MOTOR ONLY),3,1
572,S523P-L22-WQ-1-FM,S523P-L22-WQ-1-FM,5,1
573,S523P-L22-WQ-1-FM,S523P-L22-WQ-1-FM,6,1
574,S523P-L22-WR-1-FM,S523P-L22-WR-1-FM,4,1
575,S523P-L22-WR-1-FM,S523P-L22-WR-1-FM,5,1
576,S523P1-L22-B2-1-FM (LAMPSHADE ONLY),S523P1-L22-B2-1-FM (LAMPSHADE ONLY),8,1
577,S523P1-L22-B2-1-FM (SCREWS ONLY),S523P1-L22-B2-1-FM (SCREWS ONLY),10,1
578,S523P1-L22-B2-1-FMA,S523P1-L22-B2-1-FMA,8,1
579,S523P1-L22-B2-1-FMA (MOTOR ONLY),S523P1-L22-B2-1-FMA (MOTOR ONLY),3,2
580,S523P2-L22-W1-1 (LAMPSHADE ONLY),S523P2-L22-W1-1 (LAMPSHADE ONLY),8,1
581,S523P3-L12-SM2-1-FM (Fan Blades only),S523P3-L12-SM2-1-FM (Fan Blades only),8,1
582,S523Q-L12-B2-1 (MOTOR ONLY),S523Q-L12-B2-1 (MOTOR ONLY),3,1
583,S523Q-L12-BG-1,S523Q-L12-BG-1,4,1
584,S523Q-L12-BG-1,S523Q-L12-BG-1,5,1
585,S523Q-L12-BG-1 (MOTOR + REMOTE ONLY),S523Q-L12-BG-1 (MOTOR + REMOTE ONLY),14,1
586,S523Q-L12-BG-1 (MOTOR + REMOTE ONLY),S523Q-L12-BG-1 (MOTOR + REMOTE ONLY),3,1
587,S523Q-L12-BG-1 (MOTOR ONLY),S523Q-L12-BG-1 (MOTOR ONLY),3,1
588,S523Q-L12-BO-1 (MOTOR ONLY),S523Q-L12-BO-1 (MOTOR ONLY),3,1
589,S523Q-L12-W1-1 (LED BOARD ONLY),S523Q-L12-W1-1 (LED BOARD ONLY),1,1
590,S523Q-L12-W1-1 (MOTOR ONLY),S523Q-L12-W1-1 (MOTOR ONLY),2,1
591,S523Q-L12-W1-1 (MOTOR ONLY),S523Q-L12-W1-1 (MOTOR ONLY),3,1
592,S523Q-L12-W1-1(MOTOR ONLY),S523Q-L12-W1-1(MOTOR ONLY),3,1
593,S523Q3-L12-SC-1 (MOTOR ONLY),S523Q3-L12-SC-1 (MOTOR ONLY),3,1
594,S523Q5-L12-W1-1-FMA,S523Q5-L12-W1-1-FMA,4,1
595,S523Q5-L12-W1-1-FMA,S523Q5-L12-W1-1-FMA,5,1
596,S523Q5-L12-W1-1-FMA (MOTOR ONLY),S523Q5-L12-W1-1-FMA (MOTOR ONLY),3,1
597,S523Q7-L12-W1-1-FMA (FAN BLADE ASSEMBLY ONLY),S523Q7-L12-W1-1-FMA (FAN BLADE ASSEMBLY ONLY),17,1
598,S523Q7-L12-W1-1-FMA (FAN BLADES ONLY),S523Q7-L12-W1-1-FMA (FAN BLADES ONLY),9,1
599,S5255B-L22-B2-1 (LED BOARD ONLY),S5255B-L22-B2-1 (LED BOARD ONLY),8,1
600,S525B-L12-W1-1 (SCREWS ONLY),S525B-L12-W1-1 (SCREWS ONLY),10,1
601,S525B-L22-B2-1 (FAN BLADES ONLY),S525B-L22-B2-1 (FAN BLADES ONLY),10,1
602,S525B-L22-B2-1 (FAN BLADES ONLY),S525B-L22-B2-1 (FAN BLADES ONLY),9,2
603,S525B-L22-B2-1 (LED BOARD & MAGNETS ONLY),S525B-L22-B2-1 (LED BOARD & MAGNETS ONLY),10,1
604,S525B-L22-B2-1 (SCREWS ONLY),S525B-L22-B2-1 (SCREWS ONLY),10,1
605,S525B-L22-B2-1(MOTOR ONLY),S525B-L22-B2-1(MOTOR ONLY),3,1
606,S525B-L22-B2-1-FM (8x washers),S525B-L22-B2-1-FM (8x washers),10,8
607,S525B-L22-B2-1-FM (FAN BLADE BRACKET ONLY),S525B-L22-B2-1-FM (FAN BLADE BRACKET ONLY),9,1
608,S525B-L22-B2-1-FM (LAMPSHADE ONLY),S525B-L22-B2-1-FM (LAMPSHADE ONLY),8,1
609,S525B-L22-B2-1-FM (SCREWS ONLY),S525B-L22-B2-1-FM (SCREWS ONLY),10,1
610,S525B-L22-B2-1-FM(MOTOR ONLY),S525B-L22-B2-1-FM(MOTOR ONLY),5,1
611,S525B-L22-B5-1,S525B-L22-B5-1,15,2
612,S525B-L22-B5-1 (LAMPSHADE ONLY),S525B-L22-B5-1 (LAMPSHADE ONLY),8,1
613,S525B-L22-BS-1-FM (SCREWS ONLY),S525B-L22-BS-1-FM (SCREWS ONLY),10,1
614,S525B-L22-W1-1 (FAN BLADE BRACKET ONLY),S525B-L22-W1-1 (FAN BLADE BRACKET ONLY),17,1
615,S525B-L22-W1-1 (MOTOR ONLY),S525B-L22-W1-1 (MOTOR ONLY),3,2
616,S525B-L22-W1-1-FM (FAN BLADES ONLY),S525B-L22-W1-1-FM (FAN BLADES ONLY),8,1
617,S525B-L22-W1-1-FM (LAMPSHADE ONLY),S525B-L22-W1-1-FM (LAMPSHADE ONLY),8,2
618,S525B-L22-W1-1-FM (MOTOR ONLY),S525B-L22-W1-1-FM (MOTOR ONLY),14,1
619,S525B3-L22-B2-1G (LAMPSHADE ONLY),S525B3-L22-B2-1G (LAMPSHADE ONLY),8,6
620,S525B3-L22-B5-1 (FAN BLADE BRAKET ONLY),S525B3-L22-B5-1 (FAN BLADE BRAKET ONLY),10,1
621,S525B3-L22-B5-1 (LAMPSHADE ONLY),S525B3-L22-B5-1 (LAMPSHADE ONLY),8,3
622,S525B3-L22-BS-1 (LAMPSHADE ONLY),S525B3-L22-BS-1 (LAMPSHADE ONLY),8,2
623,S525B3-L22-W1-1 (Blade Bracket Only),S525B3-L22-W1-1 (Blade Bracket Only),8,1
624,S525B3-L22-W1-1 (FAN BLADE BRACKET ONLY),S525B3-L22-W1-1 (FAN BLADE BRACKET ONLY),9,1
625,S525B3-L22-W1-1 (LAMPSHADE ONLY),S525B3-L22-W1-1 (LAMPSHADE ONLY),10,1
626,S525B3-L22-W1-1 (LAMPSHADE ONLY),S525B3-L22-W1-1 (LAMPSHADE ONLY),8,3
627,S525B3-L22-W1-1 (MOTOR ONLY),S525B3-L22-W1-1 (MOTOR ONLY),3,1
628,S525B3-L22-W1-1 (blade screws + bracket screws),S525B3-L22-W1-1 (blade screws + bracket screws),8,2
629,S525B5-L11-B2-1G (MOTOR ONLY),S525B5-L11-B2-1G (MOTOR ONLY),3,1
630,S525E-L12-B2-1 (FAN BLADE BRAKET ONLY),S525E-L12-B2-1 (FAN BLADE BRAKET ONLY),10,1
631,S525E-L12-B2-1G (FAN BLADE BRACKET ONLY),S525E-L12-B2-1G (FAN BLADE BRACKET ONLY),17,1
632,S525E-L12-B2-1G (LAMPSHADE ONLY),S525E-L12-B2-1G (LAMPSHADE ONLY),8,2
633,S525E-L12-B3-1 (LAMPSHADE ONLY),S525E-L12-B3-1 (LAMPSHADE ONLY),8,1
634,S525E-L12-B3-1 (LED BOARD ONLY),S525E-L12-B3-1 (LED BOARD ONLY),8,1
635,S525E-L12-B3-1 (MOTOR & ADAPTER ONLY),S525E-L12-B3-1 (MOTOR & ADAPTER ONLY),4,1
636,S525E-L12-B3-1 (MOTOR & ADAPTER ONLY),S525E-L12-B3-1 (MOTOR & ADAPTER ONLY),5,1
637,S525E-L12-B3-1 (MOTOR ONLY),S525E-L12-B3-1 (MOTOR ONLY),3,1
638,S525E-L12-BF-1 (MOTOR ONLY),S525E-L12-BF-1 (MOTOR ONLY),3,2
639,S525E-L12-BG-1 (LAMPSHADE ONLY),S525E-L12-BG-1 (LAMPSHADE ONLY),8,1
640,S525E-L12-BO-1 (MOTOR & ADAPTER-24V2A ONLY),S525E-L12-BO-1 (MOTOR & ADAPTER-24V2A ONLY),4,1
641,S525E-L12-BO-1 (MOTOR & ADAPTER-24V2A ONLY),S525E-L12-BO-1 (MOTOR & ADAPTER-24V2A ONLY),5,1
642,S525E-L12-BO-1(LED BOARD & MAGNETS ONLY),S525E-L12-BO-1(LED BOARD & MAGNETS ONLY),8,1
643,S525E2-L11-B2-1G-FM (SCREWS ONLY),S525E2-L11-B2-1G-FM (SCREWS ONLY),10,1
644,S525E3-L12-W1-1G (LAMSHADE ONLY),S525E3-L12-W1-1G (LAMSHADE ONLY),8,1
645,S525E3-L12-W1-1G-1 (LAMPSHADE ONLY),S525E3-L12-W1-1G-1 (LAMPSHADE ONLY),8,1
646,S525E5-L12-W1-1 (MANUAL ONLY),S525E5-L12-W1-1 (MANUAL ONLY),10,1
647,S525H-L13-B5-1 (FAN BLADE GROMMETS ONLY),S525H-L13-B5-1 (FAN BLADE GROMMETS ONLY),10,5
648,S525H-L13-B5-1 (FAN BLADE SCREWS ONLY),S525H-L13-B5-1 (FAN BLADE SCREWS ONLY),10,10
649,S525H-L13-B5-1 (LAMPSHADE COVER ONLY),S525H-L13-B5-1 (LAMPSHADE COVER ONLY),10,1
650,S525H-L13-B5-1 (MOTOR ONLY),S525H-L13-B5-1 (MOTOR ONLY),3,1
651,S525H-L13-G2-1 (FAN BLADE GROMMETS ONLY),S525H-L13-G2-1 (FAN BLADE GROMMETS ONLY),10,5
652,S525H-L13-G2-1 (FAN BLADES ONLY),S525H-L13-G2-1 (FAN BLADES ONLY),10,2
653,S525H-L13-G2-1 (FAN BLADES ONLY),S525H-L13-G2-1 (FAN BLADES ONLY),17,1
654,S525H-L13-G2-1 (MOTOR & ADAPTER ONLY),S525H-L13-G2-1 (MOTOR & ADAPTER ONLY),3,1
655,S525H-L13-G2-1 (MOTOR ONLY),S525H-L13-G2-1 (MOTOR ONLY),3,2
656,S525H-L13-G2-1 (SCREWS ONLY),S525H-L13-G2-1 (SCREWS ONLY),10,2
657,S525H-L13-G2-1(FAN BLADE GROMMETS ONLY BLACK),S525H-L13-G2-1(FAN BLADE GROMMETS ONLY BLACK),10,5
658,S525H-L13-W1-1 (FAN BLADE GROMMETS ONLY),S525H-L13-W1-1 (FAN BLADE GROMMETS ONLY),10,10
659,S525H-L13-W1-1 (FAN BLADES ONLY),S525H-L13-W1-1 (FAN BLADES ONLY),9,5
660,S525H-L13-W1-1 (LAMPSHADE ONLY),S525H-L13-W1-1 (LAMPSHADE ONLY),9,1
661,S525H-L13-W1-1 (LED BOARD & MAGNETS ONLY),S525H-L13-W1-1 (LED BOARD & MAGNETS ONLY),10,1
662,S525J-L12-B2-1 (LED BOARD & MAGNETS ONLY),S525J-L12-B2-1 (LED BOARD & MAGNETS ONLY),10,1
663,S525J-L12-B2-1 (LED BOARD + MAGNETS ONLY),S525J-L12-B2-1 (LED BOARD + MAGNETS ONLY),8,1
664,S525J-L12-B5-1,S525J-L12-B5-1,4,1
665,S525J-L12-B5-1,S525J-L12-B5-1,5,1
666,S525J-L12-B5-1 (LAMPSHADE ONLY),S525J-L12-B5-1 (LAMPSHADE ONLY),8,3
667,S525J-L12-B5-1 (LED BOARD ONLY),S525J-L12-B5-1 (LED BOARD ONLY),8,1
668,S525J-L12-B5-1 (LIGHT KIT PAN ONLY),S525J-L12-B5-1 (LIGHT KIT PAN ONLY),8,1
669,S525J-L12-B5-1 (MOTOR COVER ONLY),S525J-L12-B5-1 (MOTOR COVER ONLY),9,1
670,S525J-L12-B5-1 (MOTOR ONLY),S525J-L12-B5-1 (MOTOR ONLY),3,4
671,S525J-L12-BG-1 (FAN BLADES ONLY),S525J-L12-BG-1 (FAN BLADES ONLY),9,1
672,S525J-L12-BG-1-FM,S525J-L12-BG-1-FM,4,1
673,S525J-L12-BG-1-FM,S525J-L12-BG-1-FM,5,1
674,S525J-L12-BG-1-FM (FAN BLADES ONLY),S525J-L12-BG-1-FM (FAN BLADES ONLY),9,1
675,S525J-L12-BG-1-FM (LED BOARD ONLY),S525J-L12-BG-1-FM (LED BOARD ONLY),1,1
676,S525J-L12-BG-1-FM (LED BOARD ONLY),S525J-L12-BG-1-FM (LED BOARD ONLY),2,1
677,S525J-L12-BG-1-FM (MOTOR ONLY),S525J-L12-BG-1-FM (MOTOR ONLY),3,5
678,S525J-L12-BG-1-FM (MOTOR ONLY),S525J-L12-BG-1-FM (MOTOR ONLY),8,1
679,S525J-L12-BG-1-FMA(LED BOARD & MAGNETS ONLY),S525J-L12-BG-1-FMA(LED BOARD & MAGNETS ONLY),10,1
680,S525J-L12-BO-1 (LAMPSHADE ONLY),S525J-L12-BO-1 (LAMPSHADE ONLY),8,1
681,S525J-L12-W1-1G-FM (LAMPSHADE ONLY),S525J-L12-W1-1G-FM (LAMPSHADE ONLY),8,3
682,S525J-L12-W1-1G-FM (MOTOR & ADAPTER ONLY),S525J-L12-W1-1G-FM (MOTOR & ADAPTER ONLY),3,1
683,S525J-L12-W1-1G-FM (MOTOR ONLY),S525J-L12-W1-1G-FM (MOTOR ONLY),3,3
684,S525J1-L11-B2-1-FM (MOTOR ONLY),S525J1-L11-B2-1-FM (MOTOR ONLY),3,1
685,S525J1-L11-B2-1G ( FAN BLADE BRACKETS ONLY),S525J1-L11-B2-1G ( FAN BLADE BRACKETS ONLY),17,5
686,S525J1-L11-B2-1G (FAN BLADES ONLY),S525J1-L11-B2-1G (FAN BLADES ONLY),10,1
687,S525J1-L11-B2-1G (FAN BLADES ONLY),S525J1-L11-B2-1G (FAN BLADES ONLY),17,1
688,S525J1-L11-B2-1G-FM (MOTOR ONLY),S525J1-L11-B2-1G-FM (MOTOR ONLY),3,3
689,S525J1-L11-B5-1,S525J1-L11-B5-1,4,1
690,S525J1-L11-B5-1,S525J1-L11-B5-1,5,1
691,S525J1-L11-B5-1 (LED BOARD ONLY),S525J1-L11-B5-1 (LED BOARD ONLY),8,1
692,S525J1-L11-B5-1 (MOTOR ONLY),S525J1-L11-B5-1 (MOTOR ONLY),3,1
693,S525J1-L11-B5-1(LAMPSHADE ONLY),S525J1-L11-B5-1(LAMPSHADE ONLY),8,1
694,S525J1-L11-B5-1(MOTOR ONLY),S525J1-L11-B5-1(MOTOR ONLY),3,1
695,S525J1-L11-BG-1-FM (LAMPSHADE ONLY),S525J1-L11-BG-1-FM (LAMPSHADE ONLY),8,1
696,S525J1-L11-W1-1 (LAMPSHADE ONLY),S525J1-L11-W1-1 (LAMPSHADE ONLY),8,1
697,S525J1-L11-W1-1 (LED BOARD & MAGNETS ONLY),S525J1-L11-W1-1 (LED BOARD & MAGNETS ONLY),8,1
698,S525J1-L11-W1-1G-FM (MOTOR ONLY),S525J1-L11-W1-1G-FM (MOTOR ONLY),1,2
699,S525J1-L11-W1-1G-FM (MOTOR ONLY),S525J1-L11-W1-1G-FM (MOTOR ONLY),3,1
700,S525J1-L12-B2-1 (LED BOARD & MAGNETS ONLY),S525J1-L12-B2-1 (LED BOARD & MAGNETS ONLY),17,1
701,S525J1-L12-W1-1 (MOTOR ONLY),S525J1-L12-W1-1 (MOTOR ONLY),3,1
702,S525J1-L21-B5-1-FM (LAMPSHADE ONLY),S525J1-L21-B5-1-FM (LAMPSHADE ONLY),8,1
703,S525J1-L21-B5-1-FM (MOTOR ONLY),S525J1-L21-B5-1-FM (MOTOR ONLY),6,1
704,S525J1-L21-B5-1-FM(MOTOR ONLY),S525J1-L21-B5-1-FM(MOTOR ONLY),3,1
705,S525J1-L21-BG-1-FM (LAMPSHADE ONLY),S525J1-L21-BG-1-FM (LAMPSHADE ONLY),8,1
706,S525J1-L21-BG-1-FM (MOTOR ONLY),S525J1-L21-BG-1-FM (MOTOR ONLY),2,1
707,S525J1-L21-BG-1-FM (MOTOR ONLY),S525J1-L21-BG-1-FM (MOTOR ONLY),3,1
708,S525J2-L21-B5-1-FM (MOTOR ONLY),S525J2-L21-B5-1-FM (MOTOR ONLY),3,1
709,S525Q2-L12-W1-1 (MOTOR ONLY),S525Q2-L12-W1-1 (MOTOR ONLY),3,1
710,S525S-L12-W1-1 (MOTOR ONLY),S525S-L12-W1-1 (MOTOR ONLY),3,1
711,S525S-L13-B5-1 (MOTOR ONLY),S525S-L13-B5-1 (MOTOR ONLY),3,2
712,S525S-L13-W1-1 (FAN BLADE GROMMETS ONLY),S525S-L13-W1-1 (FAN BLADE GROMMETS ONLY),10,5
713,S525W-L12-B5-1 (LIGHT KIT SCREWS ONLY),S525W-L12-B5-1 (LIGHT KIT SCREWS ONLY),10,3
714,S563B-L-12-B5-1 (COLLAR ONLY),S563B-L-12-B5-1 (COLLAR ONLY),10,1
715,S563B-L12-B2-1G (MOTOR & ADAPTER ONLY),S563B-L12-B2-1G (MOTOR & ADAPTER ONLY),3,1
716,S563B-L12-B5-1 (FAN BLADES ONLY),S563B-L12-B5-1 (FAN BLADES ONLY),17,1
717,S563B-L12-B5-1 (MOTOR ONLY),S563B-L12-B5-1 (MOTOR ONLY),3,1
718,S563B3-L22-W1-1 (LAMPSHADE ONLY),S563B3-L22-W1-1 (LAMPSHADE ONLY),8,1
719,S563F-L13-B2-1 (FAN BLADES ONLY),S563F-L13-B2-1 (FAN BLADES ONLY),9,1
720,S563F-L13-S8-1 (MOTOR ONLY),S563F-L13-S8-1 (MOTOR ONLY),3,1
721,S565B3-L22-B2-1G (GLASS LAMP SHADE),S565B3-L22-B2-1G (GLASS LAMP SHADE),8,1
722,S565B3-L22-B2-1G (LAMPSHADE ONLY),S565B3-L22-B2-1G (LAMPSHADE ONLY),8,2
723,S565E-L12-B3-1 (LAMPSHADE ONLY),S565E-L12-B3-1 (LAMPSHADE ONLY),8,1
724,S565E-L12-B3-1 (MOTOR & ADAPTER ONLY),S565E-L12-B3-1 (MOTOR & ADAPTER ONLY),1,1
725,S565E-L12-B3-1 (MOTOR & ADAPTER ONLY),S565E-L12-B3-1 (MOTOR & ADAPTER ONLY),3,1
726,S565E-L12-B3-1 (MOTOR ONLY),S565E-L12-B3-1 (MOTOR ONLY),3,1
727,S565E-L12-BF-1,S565E-L12-BF-1,1,1
728,S565E-L12-BF-1,S565E-L12-BF-1,2,1
729,S565E-L12-BF-1,S565E-L12-BF-1,3,1
730,S565E-L12-BF-1,S565E-L12-BF-1,6,1
731,S565E-L12-BF-1 (LED BOARD ONLY),S565E-L12-BF-1 (LED BOARD ONLY),6,1
732,S565E-L12-BF-1 (MOTOR ONLY),S565E-L12-BF-1 (MOTOR ONLY),1,1
733,S565E-L12-BO-1 (LED BOARD ONLY),S565E-L12-BO-1 (LED BOARD ONLY),8,1
734,S565H-L13-B5-1 (MOTOR ONLY),S565H-L13-B5-1 (MOTOR ONLY),3,2
735,S565H-L13-B5-1 (SCREWS ONLY),S565H-L13-B5-1 (SCREWS ONLY),10,1
736,S565H-L13-G2-1 (FAN BLADES ONLY),S565H-L13-G2-1 (FAN BLADES ONLY),17,1
737,S565H-L13-G2-1 (MOTOR ONLY),S565H-L13-G2-1 (MOTOR ONLY),3,1
738,S565H-L13-G3-1 (MOTOR ONLY),S565H-L13-G3-1 (MOTOR ONLY),3,1
739,S565H-L13-S2-1(MOTOR ONLY),S565H-L13-S2-1(MOTOR ONLY),3,3
740,S565H-L13-S6-1,S565H-L13-S6-1,4,2
741,S565H-L13-S6-1,S565H-L13-S6-1,5,2
742,S565H-L13-S6-1 (FAN BLADES ONLY),S565H-L13-S6-1 (FAN BLADES ONLY),9,1
743,S565J1-L11-BG-1,S565J1-L11-BG-1,17,1
744,S565S-L13-B5-1 (MOTOR & ADAPTER ONLY),S565S-L13-B5-1 (MOTOR & ADAPTER ONLY),5,2
745,S585Q5-L12-W1-1-FMA (MOTOR ONLY),S585Q5-L12-W1-1-FMA (MOTOR ONLY),3,1
746,S603F-L13-B2-1 (LIGHT KIT ONLY),S603F-L13-B2-1 (LIGHT KIT ONLY),8,1
747,S603F-L13-W1,S603F-L13-W1,17,1
748,S603F-L13-W1,S603F-L13-W1,3,1
749,S603F-L13-W1,S603F-L13-W1,8,1
750,S603F-L13-W1 (MOTOR ONLY),S603F-L13-W1 (MOTOR ONLY),3,1
751,S603F-L13-W1-1 (FAN BLADES ONLY),S603F-L13-W1-1 (FAN BLADES ONLY),9,1
752,S603J-L12-B2-1 (MOTOR ONLY),S603J-L12-B2-1 (MOTOR ONLY),3,1
753,S603Q-L12-B2-1 (MOTOR ONLY),S603Q-L12-B2-1 (MOTOR ONLY),3,1
754,S605J-L12-BG-1,S605J-L12-BG-1,9,1
755,S605J-L12-BG-1 (LAMPSHADE ONLY),S605J-L12-BG-1 (LAMPSHADE ONLY),10,1
756,S605J-L12-BG-1 (MOTOR ONLY),S605J-L12-BG-1 (MOTOR ONLY),3,3
757,S605J-L12-W1-1 (LAMPSHADE ONLY),S605J-L12-W1-1 (LAMPSHADE ONLY),8,1
758,S605J1-L11-B5-1 (LAMPSHADE ONLY),S605J1-L11-B5-1 (LAMPSHADE ONLY),8,1
759,S605J1-L11-B5-1 (MOTOR ONLY),S605J1-L11-B5-1 (MOTOR ONLY),3,1
760,S605J1-L11-W1-1 (LED BOARD),S605J1-L11-W1-1 (LED BOARD),6,1
761,SAFTEY CABLE ONLY (6inch & 12inch),SAFTEY CABLE ONLY (6inch & 12inch),10,2
762,SAFTEY CABLE ONLY 6inch & 12,SAFTEY CABLE ONLY 6inch & 12,10,1
763,TRI-JZS75013,TRI-JZS75013,8,2
764,TRI-JZS9500,TRI-JZS9500,8,1
765,WGA-523A5-L12-BG-1 (LED BOARD ONLY),WGA-523A5-L12-BG-1 (LED BOARD ONLY),10,1
766,WGA-523A5-L12-W1-1G (LAMPSHADE ONLY),WGA-523A5-L12-W1-1G (LAMPSHADE ONLY),8,1
767,WGA-523A5-L12-W1-1G (MOTOR ONLY),WGA-523A5-L12-W1-1G (MOTOR ONLY),4,1
768,WGA-524A3-L12-B2-1 (LAMP SHADE ONLY),WGA-524A3-L12-B2-1 (LAMP SHADE ONLY),8,1
769,WGA-524C-L11-SC-1 (MOTOR ONLY),WGA-524C-L11-SC-1 (MOTOR ONLY),10,2
770,WGA-524H2-L11-B2-1 (LAMPSHADE ONLY),WGA-524H2-L11-B2-1 (LAMPSHADE ONLY),8,2
771,WGA-524H2-L11-SJ-1,WGA-524H2-L11-SJ-1,4,2
772,WGA-524H2-L11-SJ-1,WGA-524H2-L11-SJ-1,5,2
773,WGDR14-F21B-A,WGDR14-F21B-A,17,4
774,WGDR18-F21B-A,WGDR18-F21B-A,17,4
775,WGS-423D1-L11-BK-1,WGS-423D1-L11-BK-1,4,1
776,WGS-423D1-L11-BK-1,WGS-423D1-L11-BK-1,5,1
777,WGS-523A1-L12-WL-1 (MOTOR ONLY),WGS-523A1-L12-WL-1 (MOTOR ONLY),3,1
778,WGS-523B-L11-SM-1,WGS-523B-L11-SM-1,6,1
779,WGS-523B-L11-W1-1 (LAMPSHADE ONLY),WGS-523B-L11-W1-1 (LAMPSHADE ONLY),8,1
780,WGS-523B-L11-W1-1 (MOTOR ONLY),WGS-523B-L11-W1-1 (MOTOR ONLY),3,2
781,WGS-523BL(LAMPSHADE ONLY),WGS-523BL(LAMPSHADE ONLY),8,1
782,WGS-523BL-11 (GLASS SHADE),WGS-523BL-11 (GLASS SHADE),8,1
783,WGS-524G-L12-B2-1FM (FAN BLADE ASSEMBLY ONLY),WGS-524G-L12-B2-1FM (FAN BLADE ASSEMBLY ONLY),17,1
784,WGS-525A2-L11-WN-1 (GLASS SHADE),WGS-525A2-L11-WN-1 (GLASS SHADE),8,1
785,WIRE HARNESS ONLY,WIRE HARNESS ONLY,8,1
786,YD443N2-L11-W1-1-FM (MOTOR ONLY),YD443N2-L11-W1-1-FM (MOTOR ONLY),3,1
787,YDC-443N2L-B2-1-FM (MOTOR ONLY),YDC-443N2L-B2-1-FM (MOTOR ONLY),3,1
788,YDC-525J-L11-BG-1-FM (BLADE BRACKET ONLY),YDC-525J-L11-BG-1-FM (BLADE BRACKET ONLY),10,1
789,YDC-525J-L12-W1-1-FM (LAMPSHADE ONLY),YDC-525J-L12-W1-1-FM (LAMPSHADE ONLY),8,1
790,YDC363V2-L12-W1-1-FM,YDC363V2-L12-W1-1-FM,17,1
791,YDC363V2-L12-W1-1-FM,YDC363V2-L12-W1-1-FM,3,1
792,YDC363V2-L12-W1-1-FM (LIGHT KIT ONLY),YDC363V2-L12-W1-1-FM (LIGHT KIT ONLY),8,1
793,YDC443N2-L11-B2-1-FM,YDC443N2-L11-B2-1-FM,17,1
794,YDC443N2-L11-B2-1-FM (LED BOARD ONLY),YDC443N2-L11-B2-1-FM (LED BOARD ONLY),1,1
795,YDC443N2-L11-B21-FM (MOTOR ONLY),YDC443N2-L11-B21-FM (MOTOR ONLY),6,1
796,YDC443N2-L11-W1-1-FM (MOTOR ONLY),YDC443N2-L11-W1-1-FM (MOTOR ONLY),17,1
797,YDC443N2-L11-W1-1-FM (MOTOR ONLY),YDC443N2-L11-W1-1-FM (MOTOR ONLY),3,1
798,YDC443Q-L12-BG-1-FM (LED BOARD +  MAGNETS ONLY),YDC443Q-L12-BG-1-FM (LED BOARD +  MAGNETS ONLY),17,1
799,YDC443Q-L12-BG-1-FM (MOTOR ONLY),YDC443Q-L12-BG-1-FM (MOTOR ONLY),3,1
800,YDC443Q-L12-WP-1-FM (LED BOARD ONLY),YDC443Q-L12-WP-1-FM (LED BOARD ONLY),10,1
801,YDC443Q-L12-WP-1-FM (MOTOR ONLY),YDC443Q-L12-WP-1-FM (MOTOR ONLY),3,1
802,YDC443Q-L12-WP-1-FM (SCREWS ONLY),YDC443Q-L12-WP-1-FM (SCREWS ONLY),10,1
803,YDC443Q-L12-WU-1-FM (LAMPSHADE ONLY),YDC443Q-L12-WU-1-FM (LAMPSHADE ONLY),8,1
804,YDC453V2-L12-B2-1-FM,YDC453V2-L12-B2-1-FM,4,1
805,YDC453V2-L12-B2-1-FM (MOTOR ONLY),YDC453V2-L12-B2-1-FM (MOTOR ONLY),3,1
806,YDC453V2-L12-W1-1-FM (FAN BLADE ONLY),YDC453V2-L12-W1-1-FM (FAN BLADE ONLY),9,1
807,YDC483Q-L11-BG-1-FM (MOTOR ONLY),YDC483Q-L11-BG-1-FM (MOTOR ONLY),3,1
808,YDC483Q-L11-WP-1-FM  (FAN BLADES ONLY),YDC483Q-L11-WP-1-FM  (FAN BLADES ONLY),8,1
809,YDC483Q-L11-WP-1-FM (MOTOR ONLY),YDC483Q-L11-WP-1-FM (MOTOR ONLY),3,1
810,YDC483Q-L12-BG-1-FM (MOTOR ONLY),YDC483Q-L12-BG-1-FM (MOTOR ONLY),3,1
811,YDC483Q-L12-W1-1-FM (FAN BLADE ONLY),YDC483Q-L12-W1-1-FM (FAN BLADE ONLY),8,1
812,YDC483Q-L12-W1-1-FM (FAN BLADES ONLY),YDC483Q-L12-W1-1-FM (FAN BLADES ONLY),17,1
813,YDC483Q-L12-WP-1-FM (LAMPSHADE ONLY),YDC483Q-L12-WP-1-FM (LAMPSHADE ONLY),8,1
814,YDC483Q-L12-WP-1-FM (MOTOR ONLY),YDC483Q-L12-WP-1-FM (MOTOR ONLY),3,1
815,YDC523J-L12-BG-1-FM (BLADE BRAKET ONLY),YDC523J-L12-BG-1-FM (BLADE BRAKET ONLY),8,1
816,YDC523J-L12-BG-1-FM (SCREWS ONLY),YDC523J-L12-BG-1-FM (SCREWS ONLY),10,1
817,YDC525J-L11-BG-1-FM (LAMPSHADE ONLY),YDC525J-L11-BG-1-FM (LAMPSHADE ONLY),8,1
818,YDC525J-L12-W1-1-FM (MOTOR ONLY),YDC525J-L12-W1-1-FM (MOTOR ONLY),3,2
819,YDC603Q-L11-W1-1-FM (MOTOR ONLY),YDC603Q-L11-W1-1-FM (MOTOR ONLY),3,1
820,YDC603Q-L12-W1-1-FM (FAN BLADES ONLY),YDC603Q-L12-W1-1-FM (FAN BLADES ONLY),17,1
821,YDC605J-L11-B2-1G-FM (LED BOARD & MAGNETS ONLY),YDC605J-L11-B2-1G-FM (LED BOARD & MAGNETS ONLY),10,1
822,YDC605J-L11-BG-1 (MOTOR ONLY),YDC605J-L11-BG-1 (MOTOR ONLY),16,1
823,YDC605J-L11-BG-1-FM (MOTOR ONLY),YDC605J-L11-BG-1-FM (MOTOR ONLY),3,1
824,YDC605J-L11-BO-1 (FAN BLADES ONLY),YDC605J-L11-BO-1 (FAN BLADES ONLY),9,1
825,YDC605J-L11-W1-1G (LED BOARD & MAGNETS ONLY),YDC605J-L11-W1-1G (LED BOARD & MAGNETS ONLY),10,1
826,YDC605J-L12-B2-1 (MOTOR ONLY),YDC605J-L12-B2-1 (MOTOR ONLY),3,2
827,YDC605J-L12-B2-1G-FM (MOTOR ONLY),YDC605J-L12-B2-1G-FM (MOTOR ONLY),3,1
